"region","year","cropME_mean","grassME_mean","browseME_mean","afterME_mean","grassMEwet_mean","grassMEdry_mean","browseMEwet_mean","browseMEdry_mean","cropDM","grassDM","grassDMwet","grassDMdry","browseDM","browseDMwet","browseDMdry","afterDM","ME_all","ME_crop","MEwet_all","MEdry_all","ME_all_min","ME_crop_min","MEwet_all_min","MEdry_all_min","ME_all_max","ME_crop_max","MEwet_all_max","MEdry_all_max"
"Dry Savannah",2023,241247453184,32433403904,765695616,148262813696,21235181568,11198483456,306900320,458795328,32739584000,5315709952,3480337152,1835415680,127117984,50905976,76212008,22809663645.5385,6.93056208318231,7.36867802547522,6.10042444180298,4.40133796256991,6.37958200544668,6.60106560423714,5.80160356478698,3.93992592697801,7.41446771006125,8.01655195170396,6.39562844124912,4.7874858447091
"Forest",2023,23926368256,23390519296,27860946944,13307661312,17455446016,5948106240,16473737216,11387210752,4138824448,2963130624,2211309312,753470976,2843342080,1681216384,1162125568,2047332509.53846,7.37832304551033,5.78095750535201,8.71649563337911,5.0929326892215,6.17575412792367,5.51433905013037,6.75657073314099,4.21243850802648,8.6244972045247,6.05283277809219,10.0250253877127,6.29650405835634
"Wet Savannah",2023,291841081344,71132143616,13919896576,153160990720,49189601280,21943752704,7073434624,6846461440,43572723712,10942338048,7566729728,3375793920,1718083072,872998656,845084352,23563229341.5385,6.64258392371634,6.69779294204706,6.66645102118016,4.49335108540963,6.18190542027884,6.14507153073996,6.262177819845,4.10103472202067,7.08271498280002,7.20128755364807,7.10310442668993,4.87120454993123
