"region","year","cropME_mean","grassME_mean","browseME_mean","afterME_mean","grassMEwet_mean","grassMEdry_mean","browseMEwet_mean","browseMEdry_mean","cropDM","grassDM","grassDMwet","grassDMdry","browseDM","browseDMwet","browseDMdry","afterDM","ME_all","ME_crop","MEwet_all","MEdry_all","ME_all_min","ME_crop_min","MEwet_all_min","MEdry_all_min","ME_all_max","ME_crop_max","MEwet_all_max","MEdry_all_max"
"Dry Savannah",2023,1372797009920,5546701225984,101697224704,148262813696,3659279892480,1887459475456,39827697664,61869522944,187281670144,909107396608,599754539008,309359149056,16891659264,6610173952,10281485312,22809663645.5385,6.31064071974054,7.33011943381572,6.10046645373973,6.27133382165832,5.93733693843069,6.57461365349808,5.80138277791307,5.82295305011651,6.65675231250517,7.96958421447393,6.39677424154135,6.66574781731936
"Forest",2023,118864371712,2927351824384,2945324154880,13307661312,2199949672448,728745902080,1742537621504,1202786402304,20713052160,370957713408,278787948544,92339838976,300589744128,177836802048,122752950272,2047332509.53846,8.64868239600031,5.73862175375317,8.63397634237015,8.62043016843178,6.72828523040628,5.4818421820026,6.68184688291761,6.74618155184836,9.96489314458917,5.99887799341383,9.95701059347788,9.94385002768973
"Wet Savannah",2023,1485732577280,10370056978432,1527884808192,153160990720,7267200532480,3103046762496,779014307840,748870565888,222579539968,1595274166272,1117923442688,477380083712,188576366592,96141623296,92434751488,23563229341.5385,6.66841380221794,6.67506356376512,6.6274988596254,6.54157749883634,6.24686024247403,6.12783162675364,6.24644172867603,6.05297150251332,7.11184226379034,7.17468187006005,7.03933534590471,7.04544379664611
