"region","year","cropME_mean","grassME_mean","browseME_mean","afterME_mean","grassMEwet_mean","grassMEdry_mean","browseMEwet_mean","browseMEdry_mean","cropDM","grassDM","grassDMwet","grassDMdry","browseDM","browseDMwet","browseDMdry","afterDM","ME_all","ME_crop","MEwet_all","MEdry_all","ME_all_min","ME_crop_min","MEwet_all_min","MEdry_all_min","ME_all_max","ME_crop_max","MEwet_all_max","MEdry_all_max"
"Dry Savannah",2023,242942640128,126500683776,2079924736,149277868032,83026329600,43476201472,817541696,1262382976,32970145792,20733777920,13608030208,7126046720,345473760,135690272,209783504,22965825851.0769,6.76231391925272,7.36856432666878,6.10052215613745,4.54675251987241,6.26282042544944,6.60113833152564,5.80131485143715,4.09772955322419,7.2055153887987,8.01631271860282,6.3971927740263,4.92859341187313
"Forest",2023,14438697984,82173001728,77016834048,8029283328,61457584128,20878538752,45152448512,31864385536,2497658368,10416575488,7790682112,2646547712,7866118144,4611653632,3254464000,1235274358.15385,8.25131268730495,5.78089388404299,8.59596408616625,6.97342845428264,6.52626442641485,5.51430666796963,6.65177623354034,5.33052768267618,9.58972406806417,6.05270965689062,9.9200511886378,8.55522235013433
"Wet Savannah",2023,209730273280,261635211264,57765994496,110063222784,187380711424,74271301632,31392978944,26373015552,31315722240,40239341568,28818245632,11423679488,7124144128,3871074304,3253069824,16932803505.2308,6.68529708965374,6.69728360957643,6.69251274717005,4.93243120799572,6.22503554120044,6.1446803078562,6.27205505164043,4.46635480742358,7.14715618917167,7.20067126144612,7.14492927749525,5.44041943317546
