"region","year","cropME_mean","grassME_mean","browseME_mean","afterME_mean","grassMEwet_mean","grassMEdry_mean","browseMEwet_mean","browseMEdry_mean","cropDM","grassDM","grassDMwet","grassDMdry","browseDM","browseDMwet","browseDMdry","afterDM","ME_all","ME_crop","MEwet_all","MEdry_all","ME_all_min","ME_crop_min","MEwet_all_min","MEdry_all_min","ME_all_max","ME_crop_max","MEwet_all_max","MEdry_all_max"
"Dry Savannah",2023,241247453184,5544475099136,101688926208,148262813696,3657535586304,1886977916928,39824699392,61864226816,32739584000,908742557696,599468605440,309280210944,16890278912,6609675264,10280603648,22809663645.5385,6.15143141022169,7.36867802547522,6.1004665625062,5.83852532204568,5.83754664083443,6.60106560423714,5.80138314897731,5.51216567586278,6.45583767398284,8.01655195170396,6.39677259215397,6.1507704006793
"Forest",2023,23926368256,2926883897344,2945257308160,13307661312,2199586865152,728640585728,1742497775616,1202759532544,4138824448,370898305024,278741876736,92326477824,300582928384,177832738816,122750205952,2047332509.53846,8.72017057200353,5.78095750535201,8.63404251242047,8.83712095553701,6.772184299377,5.51433905013037,6.68190465651481,6.89927173766904,10.0255899334911,6.05283277809219,9.9570667203846,10.1126151761806
"Wet Savannah",2023,291841081344,10366986747904,1527832772608,153160990720,7264861159424,3102315642880,778986717184,748846055424,43572723712,1594801913856,1117563518976,477267591168,188569944064,96138215424,92431728640,23563229341.5385,6.66834342411347,6.69779294204706,6.62753265371621,6.50561135069033,6.25961059912974,6.14507153073996,6.24645570653053,6.03100434120984,7.10711799420528,7.20128755364807,7.0393923964045,7.01668423206263
