"","region","year","cropME_mean","grassME_mean","browseME_mean","afterME_mean","grassMEwet_mean","grassMEdry_mean","browseMEwet_mean","browseMEdry_mean","cropDM","grassDM","grassDMwet","grassDMdry","browseDM","browseDMwet","browseDMdry","afterDM","ME_all","ME_crop","MEwet_all","MEdry_all","ME_all_min","ME_crop_min","MEwet_all_min","MEdry_all_min","ME_all_max","ME_crop_max","MEwet_all_max","MEdry_all_max"
"1","Lowlands",2023,1007747334144,2526926077952,2556345450496,572945334272,1899169972224,628913012736,1512411365376,1043934150656,176351854592,371708526592,279368073216,92510593024,300759154688,177938038784,122821115904,88145436041.8462,7.11228743509181,5.71441302092048,7.46017000008957,5.58656208770994,6.44586339144153,5.46369906669446,6.79713669819689,4.76079158503931,8.02189183948009,5.9702008540654,8.39928295789856,6.69072410032063
"2","Sahel",2023,1684442972160,464363978752,6041718272,1440965853184,280079007744,184306909184,2225355776,3816362752,234777214976,76123783168,45913751552,30213632000,1006921984,370882944,636039040,221687054336,6.73884630562726,7.17464415076306,6.09931063719207,3.84262810693122,6.2512180895118,6.44836197681766,5.79986057783939,3.45872330704354,7.19449934286101,7.83178010448619,6.39823078767014,4.18724537351284
"3","Savannah",2023,26751117819904,15853620822016,1658109952000,15581556244480,10914968371200,4938861117440,830266802176,827843149824,3836686106624,2438978600960,1679190392832,759820189696,204688588800,102492315648,102196281344,2397162499150.77,6.74112062616669,6.97245411182282,6.59221483010079,4.58264379820547,6.27028104979271,6.33374434446752,6.23009966973248,4.15626120940578,7.1924372307521,7.53318321785858,7.00318525996197,4.99185252732353
