"region","year","cropME_mean","grassME_mean","browseME_mean","afterME_mean","grassMEwet_mean","grassMEdry_mean","browseMEwet_mean","browseMEdry_mean","cropDM","grassDM","grassDMwet","grassDMdry","browseDM","browseDMwet","browseDMdry","afterDM","ME_all","ME_crop","MEwet_all","MEdry_all","ME_all_min","ME_crop_min","MEwet_all_min","MEdry_all_min","ME_all_max","ME_crop_max","MEwet_all_max","MEdry_all_max"
"Lowlands",2023,1007747334144,2416105488384,2436149280768,572945334272,1815892459520,601318883328,1441298251776,994851094528,176351854592,371708526592,279368073216,92510593024,300759154688,177938038784,122821115904,88145436041.8462,6.86572884835604,5.71441302092048,7.12256107194998,5.42676102190104,6.25521184256593,5.46369906669446,6.49879947822891,4.66161223227972,7.43146825448025,5.9702008540654,7.64283248248146,6.27968524720117
"Sahel",2023,1684442972160,464363978752,6041718272,1440965853184,280079007744,184306909184,2225355776,3816362752,234777214976,76123783168,45913751552,30213632000,1006921984,370882944,636039040,221687054336,6.73884630562726,7.17464415076306,6.09931063719207,3.84262810693122,6.25127737757343,6.44836197681766,5.80011239325353,3.45876431333067,7.16563981357223,7.83178010448619,6.20016714872732,4.17458008778456
"Savannah",2023,26751117819904,15853198245888,1657972588544,15581556244480,10914643312640,4938763075584,830186323968,827786264576,3836686106624,2438978600960,1679190392832,759820189696,204688588800,102492315648,102196281344,2397162499150.77,6.74105755226213,6.97245411182282,6.59198721562933,4.58262196477117,6.27169528960679,6.33374434446752,6.23363532627954,4.15715675900631,7.18163034196029,7.53318321785858,6.97717735416345,4.98508127517026
