"region","year","cropME_mean","grassME_mean","browseME_mean","afterME_mean","grassMEwet_mean","grassMEdry_mean","browseMEwet_mean","browseMEdry_mean","cropDM","grassDM","grassDMwet","grassDMdry","browseDM","browseDMwet","browseDMdry","afterDM","ME_all","ME_crop","MEwet_all","MEdry_all","ME_all_min","ME_crop_min","MEwet_all_min","MEdry_all_min","ME_all_max","ME_crop_max","MEwet_all_max","MEdry_all_max"
"Lowlands",2023,118864371712,2411225153536,2434777219072,13307661312,1812121649152,600208965632,1440478265344,994298888192,20713052160,370957713408,278787948544,92339838976,300589744128,177836802048,122752950272,2047332509.53846,7.1699815312734,5.73862175375317,7.12313537599332,7.20348691302312,6.5165241168999,5.4818421820026,6.49917595370484,6.47121456956911,7.68726844183744,5.99887799341383,7.64333890674905,7.72840093238601
"Sahel",2023,173892927488,462360739840,6024284160,21597151232,278861348864,183521394688,2219437056,3804847104,24224825344,75795406848,45714141184,30084866048,1004016704,369896640,634120064,3322638651.07692,6.36219362480254,7.17829437441413,6.09930898402346,6.19943670184443,5.96391058049812,6.4505963765534,5.80011139444127,5.73661665549401,6.59267578487913,7.82704374715625,6.20016576968047,6.51993601502943
"Savannah",2023,2684636626944,15785648979968,1656153571328,279826661376,10867671302144,4918185820160,829291954176,826861617152,385636401152,2428586164224,1671963869184,756654342144,204464013312,102381903872,102082117632,43050255596.3077,6.66493135893113,6.96157473445003,6.59226822299355,6.54771842765559,6.25565668530844,6.32427430425986,6.23374212119345,6.06662503112989,7.08644676733489,7.52014720822433,6.97767842713809,7.02732505516071
