"region","year","cropME_mean","grassME_mean","browseME_mean","afterME_mean","grassMEwet_mean","grassMEdry_mean","browseMEwet_mean","browseMEdry_mean","cropDM","grassDM","grassDMwet","grassDMdry","browseDM","browseDMwet","browseDMdry","afterDM","ME_all","ME_crop","MEwet_all","MEdry_all","ME_all_min","ME_crop_min","MEwet_all_min","MEdry_all_min","ME_all_max","ME_crop_max","MEwet_all_max","MEdry_all_max"
"Dry Savannah",2023,286712004608,149033271296,2459158784,176117219328,97825382400,51210104832,967640512,1491518336,38910443520,24425811968,16032812032,8393358848,408156832,160452912,247703920,27094956819.6923,6.76272479470107,7.36851031936014,6.10087114943458,4.54694855784833,6.26311695595512,6.60111866945904,5.80160558528574,4.09785500605664,7.20603221861435,8.01627451023631,6.39760975403948,4.92887276666329
"Forest",2023,28823296000,164039737344,153838764032,16030768128,122684424192,41681092608,90190536704,63648231424,4985826816,20791173120,15549740032,5282679296,15710829568,9210747904,6500081664,2466272019.69231,8.25253054731374,5.78104636677376,8.59736534458575,6.97445271018008,6.52659564918255,5.51439790751837,6.65212960837642,5.33075223963114,9.59139919473063,6.05294507762091,9.92186764454119,8.55680121153257
"Wet Savannah",2023,349270310912,435949764608,96407240704,183284203520,312240570368,123737227264,52402180096,44005056512,52158480384,67044257792,48017747968,19030820864,11887597568,6460547072,5427050496,28197569772.3077,6.68545120417178,6.69632835045442,6.69335834016585,4.93267103461595,6.22496554477749,6.1439872770115,6.27234534738411,4.46644141445518,7.14764204241733,7.19957214301939,7.14630132997801,5.44101775692348
