"LGA","Crop residue","Grass","Browse","Other biomass"
"Nigeria",32.6551725657492,38.1801542076982,9.52843501131592,19.6362382152368
