"NAME","DMReq","DMSupply","adeq_2023"
"Dry Savannah",122615873536,77015220224,0.628101550011698
"Forest",13359832064,22015627264,1.64789700637962
"Wet Savannah",76477161472,95612010496,1.2502034418603
