"","NAME_1","lvstReqME_2020","lvstReqME_2021","lvstReqME_2022","lvstReqME_2023","feedME_mean_2020","feedME_mean_2021","feedME_mean_2022","feedME_mean_2023","adeq_2020","adeq_2021","adeq_2022","adeq_2023","adeqMin_2020","adeqMin_2021","adeqMin_2022","adeqMin_2023","adeqMax_2020","adeqMax_2021","adeqMax_2022","adeqMax_2023"
"1","(Agro)pastoral sahel",1849715064832,1849425788928,1847336894464,1847337287680,4111445262336,3644553428992,4112851402752,3595814567936,2.22274518951892,1.97064053654433,2.2263678136225,1.9464851339908,4.31388149728398,3.819225893723,4.30615974187972,3.7683914009429,6.50716519862955,5.72681595860215,6.38546537934024,5.66480254571413
"2","Central mixed",8235545264128,8234337304576,8224251052032,8224252100608,54271898812416,50806971695104,54194732007424,53558535782400,6.58995817178141,6.17013486523918,6.58962520289721,6.51226824363039,14.245450455188,13.3275464326753,14.2178085820476,14.0525757323255,21.0764129453072,19.5622745267982,20.9796477050441,20.6283713432695
"3","Lowland mixed",1461547958272,1461246492672,1459891208192,1459891601408,5972255309824,6398219386880,6587958689792,6663964196864,4.08625339731243,4.37860375984915,4.51263673130195,4.56469794773592,4.84741368636033,5.1498124021918,5.26850311121455,5.34797237724838,11.60129908685,12.4593504267384,12.8844889805868,12.9939655416766
"4","Southern mixed",1358432305152,1358104625152,1356480249856,1356480643072,5720817270784,5808709959680,5957269585920,6285869187072,4.21133776713583,4.27707103863952,4.391711259012,4.63395421023959,8.06040868229246,8.20513357349601,8.40195335553185,8.87150850682642,12.2477363785587,12.1183877411948,12.5848843585691,13.0801315193931
