"NAME_1","lvstReqME_2020","lvstReqME_2021","lvstReqME_2022","lvstReqME_2023","feedME_mean_2020","feedME_mean_2021","feedME_mean_2022","feedME_mean_2023","adeq_2020","adeq_2021","adeq_2022","adeq_2023","adeqMin_2020","adeqMin_2021","adeqMin_2022","adeqMin_2023","adeqMax_2020","adeqMax_2021","adeqMax_2022","adeqMax_2023"
"Nigeria",12986835009536,12984571133952,12969168601088,12969170698240,26002371641344,25452821348352,27024680812544,26724165222400,2.00221005520213,1.96023581262519,2.08376355060084,2.06059167885165,0.0552395678305382,0.0535769037606949,0.0570959140448012,0.0563844095286427,2.71585206629328,2.69084356173139,2.85677740290424,2.82982590941724
