"NAME_1","lvstReqME_2020","lvstReqME_2021","lvstReqME_2022","lvstReqME_2023","feedME_mean_2020","feedME_mean_2021","feedME_mean_2022","feedME_mean_2023","adeq_2020","adeq_2021","adeq_2022","adeq_2023","adeqMin_2020","adeqMin_2021","adeqMin_2022","adeqMin_2023","adeqMax_2020","adeqMax_2021","adeqMax_2022","adeqMax_2023"
"Nigeria",12968710373376,12966451740672,12951085907968,12951089053696,26002371641344,25452821348352,27024680812544,26724165222400,2.0050082770547,1.96297505727908,2.08667296353253,2.06346857099044,0.0552395678305382,0.0535769037606949,0.0570959140448012,0.0563844095286427,2.71585206629328,2.69084356173139,2.85677740290424,2.82982590941724
