"NAME_1","lvstReqME_2020","lvstReqME_2021","lvstReqME_2022","lvstReqME_2023","feedME_mean_2020","feedME_mean_2021","feedME_mean_2022","feedME_mean_2023","adeq_2020","adeq_2021","adeq_2022","adeq_2023","adeqMin_2020","adeqMin_2021","adeqMin_2022","adeqMin_2023","adeqMax_2020","adeqMax_2021","adeqMax_2022","adeqMax_2023"
"Nigeria",1663870566400,1663580635136,1661612326912,1661612720128,1042756665344,989278437376,1046769303552,1041468686336,0.626705397884488,0.594668161243128,0.629972037760067,0.62678184496311,0.542260011242977,0.512839339236047,0.543416781770971,0.540655066555067,0.735296603011764,0.701411680407199,0.742861697244052,0.739207923848871
