"NAME_1","lvstReqME_2020","lvstReqME_2021","lvstReqME_2022","lvstReqME_2023","feedME_mean_2020","feedME_mean_2021","feedME_mean_2022","feedME_mean_2023","adeq_2020","adeq_2021","adeq_2022","adeq_2023","adeqMin_2020","adeqMin_2021","adeqMin_2022","adeqMin_2023","adeqMax_2020","adeqMax_2021","adeqMax_2022","adeqMax_2023"
"(Agro)pastoral sahel",1849843253248,1849553715200,1847464427520,1847464689664,590350974976,535998889984,618290806784,517766512640,0.31913567484134,0.289799039400183,0.33466993874084,0.280257866651929,0.0103988245961652,0.00944418350642022,0.0109162329329846,0.00913967871440552,0.359084808688326,0.326150007500764,0.376699475248173,0.315479503464765
"Central mixed",2957400342528,2957024428032,2953408151552,2953408413696,10606109261824,10000337469440,10461946839040,10517808676864,3.58629472963334,3.38189207185399,3.54233018336538,3.56124423161023,0.112259521342465,0.105905720727303,0.110858148062532,0.111625356967425,4.54685981642084,4.28626099824768,4.50057205339215,4.51333050687815
"Forest mixed",1461547958272,1461246623744,1459891339264,1459891732480,5248653459456,5681818632192,5871214526464,5909375352832,3.59116061142566,3.88833653393434,4.02167912676566,4.0478175342451,0.080912274459568,0.0870752911008258,0.0895802683991121,0.0903693073652028,6.58065871075872,7.1634076989455,7.45111462494273,7.48527523457107
"Northern mixed",5350742818816,5349774458880,5343059378176,5343060426752,5528359010304,5159846936576,5739549556736,5517907853312,1.03319467922536,0.964498031877074,1.07420658287637,1.03272420908522,0.0319974182410626,0.0298720554662319,0.0333031683408348,0.0320180624778758,1.1756343520209,1.09763351330659,1.22231751356283,1.17516384348385
"Southern mixed",1358432305152,1358104625152,1356480249856,1356480643072,1682808242176,1705863675904,1778045812736,1822012604416,1.23878697215442,1.25606204729115,1.31077899064491,1.34319100955965,0.0258770128936742,0.0265433290317498,0.0275848106276604,0.0283069235496965,1.65822182512305,1.65541844600081,1.74010701202614,1.77970735149503
