"NAME_1","lvstReqME_2020","lvstReqME_2021","lvstReqME_2022","lvstReqME_2023","feedME_mean_2020","feedME_mean_2021","feedME_mean_2022","feedME_mean_2023","adeq_2020","adeq_2021","adeq_2022","adeq_2023","adeqMin_2020","adeqMin_2021","adeqMin_2022","adeqMin_2023","adeqMax_2020","adeqMax_2021","adeqMax_2022","adeqMax_2023"
"(Agro)pastoral sahel",104109981696,104079089664,103857012736,103857045504,94795317248,82873884672,93941776384,82128986112,0.910530534188367,0.796258738806642,0.904529929267231,0.790788778107854,0.788382508298082,0.689072279499722,0.782219240451672,0.683506567028402,1.07687276879147,0.942443202082297,1.07075143004131,0.936307567822235
"Central mixed",187777236992,187736588288,187346862080,187346911232,776517648384,738350465024,759281614848,787698089984,4.13531299545686,3.93290658873231,4.05281202160608,4.20448933373958,3.4262836661647,3.25999867462045,3.3578906252209,3.48250045967659,5.16546207351311,4.9079040780713,5.06359707585407,5.25185706563693
"Forest mixed",65706934272,65673560064,65523552256,65523585024,326542819328,342007087104,354439987200,362732584960,4.96968581696789,5.20768307322929,5.40935243887886,5.53590870870601,2.81352992540361,2.92511772277616,3.02175720645307,3.10546329063808,8.52933516257046,9.00551174401223,9.40074618022703,9.58113353419575
"Northern mixed",333926301696,333822853120,333105790976,333105922048,555485036544,508395847680,556959203328,532192657408,1.66349590829686,1.52295099909546,1.67201897540151,1.59766795539382,1.43673914494094,1.3137949343027,1.44258123170624,1.37930083474971,1.97142390888107,1.8065497020749,1.98322035743126,1.89458625056092
"Southern mixed",78406746112,78371069952,78194171904,78194204672,255646285824,255663292416,263329857536,277213446144,3.26051390346977,3.262215158892,3.36764046634183,3.54519170962634,2.53007614341615,2.55275401028134,2.62313218156705,2.76820218084693,4.48187188226731,4.43163176345665,4.60505383400922,4.83046721643777
