"NAME_1","lvstReqME_2020","lvstReqME_2021","lvstReqME_2022","lvstReqME_2023","feedME_mean_2020","feedME_mean_2021","feedME_mean_2022","feedME_mean_2023","adeq_2020","adeq_2021","adeq_2022","adeq_2023","adeqMin_2020","adeqMin_2021","adeqMin_2022","adeqMin_2023","adeqMax_2020","adeqMax_2021","adeqMax_2022","adeqMax_2023"
"Nigeria",769855979520,769397424128,767867289600,1435598848000,1334824271872,1269592096768,1343620251648,1342082777088,1.73386231630526,1.65011222672977,1.7498079028056,0.934859190614229,1.39806903444009,1.32354377794276,1.40412674331048,0.745308177454033,2.26637013622226,2.17353043016431,2.30366717685556,1.24916939044246
