"NAME_1","lvstReqME_2020","lvstReqME_2021","lvstReqME_2022","lvstReqME_2023","feedME_mean_2020","feedME_mean_2021","feedME_mean_2022","feedME_mean_2023","adeq_2020","adeq_2021","adeq_2022","adeq_2023","adeqMin_2020","adeqMin_2021","adeqMin_2022","adeqMin_2023","adeqMax_2020","adeqMax_2021","adeqMax_2022","adeqMax_2023"
"Nigeria",12986835009536,12984571133952,12969168601088,12969170698240,23666628755456,23094320168960,24479625379840,24296302837760,1.8223553882126,1.77859706960772,1.88752464655185,1.87338908578458,0.0498142723886486,0.0480923082613129,0.0511604195481869,0.0507184964210928,2.51204770698224,2.48507344325162,2.63459411539114,2.61792177748075
