"NAME_1","lvstReqME_2020","lvstReqME_2021","lvstReqME_2022","lvstReqME_2023","feedME_mean_2020","feedME_mean_2021","feedME_mean_2022","feedME_mean_2023","adeq_2020","adeq_2021","adeq_2022","adeq_2023","adeqMin_2020","adeqMin_2021","adeqMin_2022","adeqMin_2023","adeqMax_2020","adeqMax_2021","adeqMax_2022","adeqMax_2023"
"(Agro)pastoral sahel",1849715064832,1849425788928,1847336894464,1847337287680,4111445262336,3644553428992,4112851402752,3595814567936,2.22274518951892,1.97064053654433,2.2263678136225,1.9464851339908,0.0712024114079746,0.063059860409475,0.0712538071940232,0.0623553274723529,2.4984802027472,2.21845933075408,2.50565487059437,2.19023675730777
"Central mixed",8235545264128,8234337304576,8224251052032,8224252100608,54271814926336,50806896197632,54194656509952,53558451896320,6.58994798592518,6.17012569662376,6.58961602303737,6.51225804378742,0.219122665810382,0.205077124861789,0.21925251499179,0.216704462175303,7.5864603830114,7.10718150390889,7.58960051676346,7.49974223396163
"Lowland mixed",1461547958272,1461246492672,1459891208192,1459891601408,5767343636480,6176151961600,6358361440256,6432947699712,3.94605158444392,4.22663253090616,4.35536662223653,4.40645572144378,0.116793968811007,0.124100263508126,0.127245329752143,0.129187258662482,6.08768486447557,6.57320604486402,6.81454744359309,6.87142661597804
"Southern mixed",1358432305152,1358104625152,1356480249856,1356480643072,5720346460160,5808239149056,5956776230912,6285392609280,4.21099118334051,4.27672437122135,4.39134755669635,4.63360287622356,0.0960149634723969,0.0977902587938864,0.100364747136242,0.105975352329551,4.89878219968866,4.95037759469351,5.09921020441662,5.36998129474062
