"NAME_1","lvstReqME_2020","lvstReqME_2021","lvstReqME_2022","lvstReqME_2023","feedME_mean_2020","feedME_mean_2021","feedME_mean_2022","feedME_mean_2023","adeq_2020","adeq_2021","adeq_2022","adeq_2023","adeqMin_2020","adeqMin_2021","adeqMin_2022","adeqMin_2023","adeqMax_2020","adeqMax_2021","adeqMax_2022","adeqMax_2023"
"(Agro)pastoral sahel",1849843253248,1849553715200,1847464427520,1847464689664,774902185984,709186617344,807520108544,663866114048,0.418901539156579,0.383436615825625,0.43709643147392,0.359338999961476,0.0134839048917431,0.0123371968588934,0.0140872582286858,0.0115838207403985,0.473963168046116,0.434156108819045,0.494617748763508,0.406651567202612
"Central mixed",2957400342528,2957024428032,2953408151552,2953408413696,11490697412608,10876183642112,11377018142720,11464096088064,3.88540477505514,3.67808379904067,3.85216589069866,3.88164943084097,0.121921668477849,0.115477104804242,0.120881464015227,0.121991739647856,4.88674903254575,4.62279052247197,4.85262412548939,4.87735238121059
"Forest mixed",1461547958272,1461246623744,1459891339264,1459891732480,5320666513408,5762621898752,5977864667136,6004847673344,3.64043238081538,3.9436340211942,4.09473260533878,4.11321438415384,0.0828405814576317,0.0892388953433709,0.0924466924259781,0.0929329032841502,6.63236799093702,7.22146322281177,7.5276929518733,7.5538659746884
"Northern mixed",5350742818816,5349774458880,5343059378176,5343060426752,6533788729344,6161573609472,6809841565696,6505591996416,1.22109937827096,1.1517445561176,1.27452103443041,1.21757784430873,0.0375165447556686,0.0353731161829558,0.0391906911557639,0.0374562080003972,1.39234462713687,1.31361553292504,1.45335925691727,1.38834712362738
"Southern mixed",1358432305152,1358104625152,1356480249856,1356480643072,1870331248640,1931255218176,2040203575296,2072738660352,1.37683066101017,1.42202241448066,1.50404222657321,1.52802671452642,0.0291054571173807,0.030425323429475,0.0321128178730732,0.0326372401540958,1.8097571410134,1.83761555545108,1.95220997764383,1.98256502687915
