"NAME_1","lvstReqME_2020","lvstReqME_2021","lvstReqME_2022","lvstReqME_2023","feedME_mean_2020","feedME_mean_2021","feedME_mean_2022","feedME_mean_2023","adeq_2020","adeq_2021","adeq_2022","adeq_2023","adeqMin_2020","adeqMin_2021","adeqMin_2022","adeqMin_2023","adeqMax_2020","adeqMax_2021","adeqMax_2022","adeqMax_2023"
"(Agro)pastoral sahel",104139104256,104079089664,103871823872,199274528768,80307707904,70224977920,79602171904,69582249984,0.771158043635401,0.674727057535844,0.766349996916323,0.349177842317265,0.667739552425864,0.583920333855942,0.662756547035705,0.300317387133664,0.912027673465029,0.798596224128608,0.907162369396403,0.417410017292939
"Central mixed",187830730752,187736588288,187358347264,397854048256,466428133376,443499446272,456086716416,473131483136,2.48323653700652,2.36234955751749,2.43430155675607,1.18920866888242,2.05754086244735,1.95822281113648,2.01697539578196,0.980176542471575,3.1016156462585,2.94779699263043,3.04118384688088,1.50556215150123
"Forest mixed",65724407808,65673560064,65546928128,90301906944,163556261888,171281989632,177506369536,181657812992,2.48851632662549,2.60808138716833,2.70808067754702,2.01167194735604,1.40916066325237,1.46528989358392,1.51314473336522,1.12714241053132,4.27030794481498,4.50933213784484,4.70548434605627,3.49798936560807
"Northern mixed",334019690496,333822853120,333157564416,629511946240,470967779328,431037054976,472240619520,451218866176,1.41000004708896,1.29121493914335,1.41746929969248,0.716775700399455,1.21781604757836,1.11389867148733,1.22298044628717,0.615698311701212,1.67096928230556,1.53162961793116,1.68125127887877,0.857313002630294
"Southern mixed",78427996160,78371069952,78217805824,119071178752,153133793280,153144164352,157739220992,166063226880,1.95253991913288,1.95409051383114,2.0166664013426,1.39465510143201,1.5154882129663,1.52949127806944,1.57122169860825,1.08631053076744,2.68317420005482,2.65379409374238,2.75683127388024,1.91529319074891
