Item,Year,Value,PcChange
Cattle,2019,20402276,NA
Cattle,2020,20585153,0.00896355877158019
Cattle,2021,20764244,0.008700008204942659
Cattle,2022,20901100,0.0065909454733820315
Cattle,2023,58490000,1.7984173081799522
Shoats,2019,128642721,NA
Shoats,2020,131965547,0.025829879640061407
Shoats,2021,135264686,0.02500000246276401
Shoats,2022,138374784,0.022992682657763313
Shoats,2023,188040000,0.3589181103979176
