Item,Year,Value,PcChange
Cattle,2019,20408427,NA
Cattle,2020,20585153,0.008659462093771362
Cattle,2021,20764244,0.008700008204942659
Cattle,2022,20905254,0.0067910009148418795
Cattle,2023,21047222,0.006791020094757041
Shoats,2019,128677404,NA
Shoats,2020,131965547,0.025553383094362083
Shoats,2021,135264686,0.02500000246276401
Shoats,2022,138321403,0.022598041590840643
Shoats,2023,141447275,0.022598614040952144
