"ECORegion","DM_2020","DM_2021","DM_2022","DM_2023","area_hectares","tonHa_2020","tonHa_2021","tonHa_2022","tonHa_2023"
"Dry Savannah",3157468160,2979759872,3284509184,3074241024,41034834.4291957,0.0769460436217456,0.072615374557962,0.0800419748169647,0.07491783668104
"Forest",1728220416,1855721984,1937319936,1933389312,11772980.1090644,0.1467954927291,0.157625509158146,0.164556460475831,0.16422259224845
"Wet Savannah",4987547136,4750445056,4968166400,5005219328,41535473.6896869,0.120079216461142,0.114370792818947,0.119612609624182,0.120504688724491
